center_XX, center_XY, center_YX, center_YY, bounding_box_size_X, bounding_box_size_Y, min_box_size_X, min_box_size_Y, contour_size_X, contour_size_Y, nut_type
313.0, 355.5, 693.5223550628871, 237.50661388784647, 132, 1035.0, 110.0, 866.5, 86.5, 655.5, 2
359.0, 337.0, 578.7449082173407, 295.6524999961257, 144, 1121.0, 121.0, 945.0, 93.0, 728.5, 2
294.5, 327.5, 738.0753355007619, 326.45452067628503, 169, 1328.5, 146.49232424918046, 1107.0, 93.5, 731.5, 2
353.0, 312.0, 592.4724654853344, 374.95768258720636, 168, 1350.0, 143.0, 1141.5, 121.0, 963.0, 2
314.0, 310.0, 688.9816242083907, 381.7144452482462, 144, 1140.0, 121.0, 962.5, 82.0, 646.5, 2
258.0, 303.0, 827.3716286383569, 404.50137992203236, 168, 1298.0, 143.0, 1107.0, 121.0, 957.0, 2
314.5, 288.0, 686.7452776432037, 451.4411323107779, 182, 1430.0, 156.0, 1230.0, 130.5, 1027.0, 2
361.5, 285.0, 570.1939673908055, 460.44692220911384, 182, 1408.0, 156.0, 1209.5, 127.0, 997.5, 2
283.5, 283.0, 763.3030018024147, 467.62117121741176, 182, 1430.0, 156.0, 1230.0, 130.5, 1032.5, 2
326.5, 254.5, 655.5027297977358, 557.4955532290041, 169, 1344.0, 144.0, 1121.0, 116.0, 901.5, 2
351.0, 361.5, 599.6715501602739, 218.082003377378, 132, 1032.5, 110.0, 864.0, 84.0, 656.0, 2
278.5, 351.5, 778.7946573179215, 250.55448136106133, 143, 1141.5, 120.0, 950.0, 98.5, 772.5, 2
308.5, 343.5, 704.1241927724332, 275.5904432721436, 121, 931.5, 100.0, 772.0, 84.0, 653.0, 2
345.0, 332.0, 613.1949942559004, 311.65055767446756, 144, 1121.0, 121.0, 945.0, 101.0, 791.5, 2
369.5, 303.5, 551.2177402060479, 401.7229780815542, 169, 1332.5, 144.0, 1140.0, 116.5, 913.5, 2
297.0, 302.0, 730.7263944670558, 407.25353173166513, 168, 1298.0, 158.38244796789513, 1146.0, 98.5, 777.0, 2
269.5, 283.0, 797.9798802547157, 467.7710381112993, 182, 1424.5, 156.0, 1224.5, 123.5, 963.5, 2
337.0, 279.0, 630.6063537858427, 479.7270182147622, 196, 1540.0, 169.0, 1312.0, 114.0, 877.0, 2
283.0, 258.0, 763.4074996784329, 546.8674775287509, 196, 1558.0, 169.0, 1349.0, 137.0, 1092.0, 2
317.0, 247.0, 678.6932801268995, 581.3695347979665, 196, 1518.0, 158.61904116566075, 1282.0, 123.5, 978.5, 2
320.0, 361.5, 676.4560667332262, 218.4138514995575, 132, 1035.0, 110.0, 852.5, 79.0, 607.0, 2
255.5, 361.0, 836.1947203613818, 220.689128767699, 132, 1045.0, 110.0, 875.0, 97.5, 762.5, 2
296.0, 331.5, 734.5413895975798, 313.7599108815193, 132, 1050.0, 110.0, 880.0, 87.0, 692.0, 2
336.0, 326.0, 635.2151223644614, 330.7647296190262, 144, 1121.0, 121.0, 945.0, 93.0, 716.0, 2
242.0, 314.5, 867.5239694211632, 368.2218175679445, 156, 1230.0, 132.0, 1045.0, 117.5, 929.0, 2
312.5, 302.0, 692.3341361805797, 407.0876076705754, 182, 1462.5, 152.1183795220113, 1238.0, 117.5, 924.5, 2
273.5, 294.0, 788.5711440071464, 432.8621992729604, 182, 1424.0, 157.0031795604027, 1201.5, 109.0, 853.5, 2
339.5, 280.5, 624.4820917863399, 474.94579903408885, 195, 1504.0, 168.0, 1298.0, 136.0, 1067.5, 2
296.5, 263.0, 730.1958735845983, 530.8747722394764, 182, 1424.5, 156.0, 1239.0, 114.0, 896.0, 2
248.0, 252.5, 849.85022415407, 564.6751546263695, 210, 1656.0, 182.0, 1408.0, 147.5, 1154.5, 2
281.0, 366.0, 773.2600555941463, 204.56796614080667, 144, 1121.0, 121.0, 945.0, 95.5, 755.5, 2
339.5, 351.5, 627.702544061467, 249.90148989483714, 121, 962.5, 100.0, 800.0, 82.0, 660.5, 2
307.5, 338.5, 706.3743202481419, 291.44933883473277, 121, 932.0, 100.0, 775.0, 87.5, 666.5, 2
273.5, 339.0, 790.6122757308185, 290.2284822128713, 132, 1026.0, 110.0, 857.5, 91.5, 734.5, 2
336.0, 317.0, 634.806896019727, 359.291473031044, 144, 1121.0, 121.0, 945.0, 103.0, 812.5, 2
264.5, 313.5, 811.7479134257883, 371.1505982168019, 169, 1332.5, 144.0, 1140.0, 119.5, 933.5, 2
303.0, 301.5, 715.8421958889812, 408.77412214130163, 156, 1209.5, 132.0, 1026.0, 106.5, 840.5, 2
318.0, 277.0, 677.5771147198975, 486.2696853131056, 196, 1540.0, 169.0, 1332.5, 132.5, 1044.0, 2
260.0, 272.0, 821.0116758942604, 502.73875322937965, 196, 1557.5, 169.0, 1349.0, 123.5, 957.5, 2
299.5, 245.5, 721.9713404681534, 586.3113256506622, 169, 1312.0, 144.0, 1121.0, 122.0, 940.0, 2
279.0, 370.5, 778.4180085454136, 190.3260039910674, 110, 875.0, 90.0, 697.5, 73.5, 569.0, 1
322.5, 368.0, 670.5585971474648, 197.7844415344298, 110, 864.0, 90.0, 686.0, 69.5, 537.0, 1
284.0, 352.0, 765.1942771673203, 248.91078600287437, 100, 759.5, 81.0, 616.0, 67.5, 513.0, 1
333.0, 348.0, 643.6437686532736, 261.06480450183153, 100, 759.5, 81.0, 630.0, 68.0, 529.5, 1
243.0, 341.0, 866.2490493245423, 284.2157016322017, 120, 931.0, 99.0, 770.0, 79.0, 621.0, 1
311.0, 333.5, 697.4783082213253, 307.26006289571524, 110, 875.0, 90.0, 709.0, 69.0, 531.5, 1
350.5, 322.0, 599.1183500364423, 343.28806296363473, 110, 864.0, 90.0, 710.5, 72.5, 584.0, 1
273.5, 321.0, 789.7958230413496, 347.28196903690696, 132, 1045.0, 110.0, 875.0, 73.5, 591.5, 1
223.0, 316.0, 914.653485044837, 363.67075111716986, 120, 944.0, 99.0, 769.5, 73.0, 573.0, 1
296.5, 313.5, 732.4864769633859, 370.80804531648755, 121, 945.0, 100.0, 784.0, 83.0, 660.5, 1
260.0, 308.5, 822.6672605145723, 387.04696050286293, 110, 857.5, 90.0, 720.0, 74.5, 590.5, 1
330.5, 307.0, 647.9763705842197, 391.0467308796942, 132, 1039.5, 110.0, 857.5, 77.5, 605.0, 1
290.5, 292.5, 746.3954681623727, 437.43467528000474, 121, 932.0, 100.0, 775.0, 87.0, 666.5, 1
370.0, 292.0, 549.4576577097178, 438.16846449673176, 144, 1140.0, 121.0, 962.5, 91.0, 714.5, 1
324.0, 286.0, 663.1238217279315, 457.6787132322788, 144, 1140.0, 115.1086470785558, 896.0, 90.0, 709.0, 1
262.5, 285.5, 815.4317156877369, 459.92187616601586, 121, 945.0, 100.0, 784.0, 89.5, 708.0, 1
349.0, 275.5, 600.7245604228228, 490.6922944262624, 156, 1209.5, 124.99999833934999, 981.0, 96.5, 765.5, 1
220.0, 275.5, 920.2472261618823, 492.0732108056545, 156, 1209.5, 132.0, 1026.0, 101.0, 797.5, 1
289.5, 269.5, 747.8291429486126, 510.34705766662955, 143, 1141.5, 120.0, 962.5, 99.0, 774.5, 1
375.5, 268.0, 534.7459947317839, 514.1809039823711, 132, 1045.0, 110.0, 875.0, 84.0, 675.0, 1
260.0, 252.5, 820.1271854806691, 564.5466972887516, 156, 1245.5, 132.0, 1045.0, 102.5, 797.5, 1
330.0, 249.5, 646.6067177709192, 573.3062772899866, 156, 1209.5, 132.0, 1045.0, 104.0, 805.5, 1
302.0, 246.5, 715.8243992272764, 583.1149255484343, 156, 1209.5, 132.0, 1026.0, 102.0, 809.5, 1
366.0, 235.5, 556.8025829922408, 617.2958394736052, 156, 1209.5, 132.0, 1026.0, 111.0, 860.5, 1
279.0, 370.0, 778.3953293040395, 191.91082306951284, 100, 775.0, 81.0, 616.0, 63.5, 493.5, 1
250.0, 369.0, 850.1806476153433, 195.39089979231358, 100, 784.0, 81.0, 638.0, 66.0, 523.5, 1
322.5, 368.0, 670.5585971474648, 197.7844415344298, 110, 864.0, 90.0, 686.0, 70.0, 545.0, 1
361.0, 363.0, 574.9703889898956, 213.22049836069345, 100, 800.0, 82.00000817632827, 630.0, 59.0, 474.5, 1
284.0, 352.0, 765.1942771673203, 248.91078600287437, 100, 759.5, 81.0, 616.0, 68.0, 520.0, 1
379.0, 349.0, 529.7508122213185, 257.4027465507388, 100, 784.0, 81.0, 638.0, 71.0, 568.5, 1
333.0, 348.0, 643.6437686532736, 261.06480450183153, 100, 759.5, 81.0, 630.0, 66.0, 514.5, 1
243.0, 340.5, 866.2263700831681, 285.8005207106471, 110, 857.5, 90.0, 704.0, 79.5, 620.5, 1
360.5, 339.0, 575.1202453486621, 289.2971665151417, 110, 864.0, 90.0, 710.5, 65.0, 525.0, 1
300.0, 339.0, 724.9738986603916, 289.9448055922985, 120, 962.5, 99.0, 776.5, 82.5, 634.5, 1
332.5, 333.0, 644.2018513567746, 308.614729244262, 110, 880.0, 90.0, 725.0, 66.5, 516.0, 1
379.0, 330.5, 528.9116802904755, 316.0410524532199, 110, 875.0, 90.0, 720.0, 67.0, 534.0, 1
310.5, 320.5, 698.1271078903228, 348.47071132436395, 121, 931.5, 100.0, 759.5, 79.5, 611.0, 1
273.5, 321.0, 789.7958230413496, 347.28196903690696, 132, 1045.0, 110.0, 875.0, 85.0, 678.5, 1
222.5, 316.0, 915.891944989562, 363.67610350623727, 110, 864.0, 90.0, 712.5, 75.5, 596.0, 1
354.5, 315.5, 588.9158403407782, 363.8478918708861, 121, 945.0, 100.0, 800.0, 83.0, 660.0, 1
254.5, 311.0, 836.4037161134183, 379.1817413903773, 132, 1026.0, 110.0, 875.0, 85.0, 663.0, 1
390.5, 308.5, 499.4292149413377, 385.64998695626855, 121, 945.0, 100.0, 784.0, 71.0, 560.0, 1
313.5, 298.0, 689.6757823601365, 419.75545552000403, 132, 1045.0, 110.0, 875.0, 86.5, 677.5, 1
228.5, 296.5, 900.1459352392703, 425.4198188968003, 121, 949.0, 100.0, 759.5, 76.5, 596.5, 1
279.5, 292.5, 773.6415869463235, 437.5524278394878, 121, 949.0, 100.0, 787.5, 74.5, 591.5, 1
338.5, 290.0, 627.3899172618985, 444.8449413217604, 132, 1026.0, 110.0, 863.0, 94.5, 729.5, 1
297.5, 281.5, 728.5580856259912, 472.22576155886054, 143, 1107.0, 120.0, 931.0, 94.5, 745.5, 1
239.0, 274.0, 873.1177105382085, 496.6242772564292, 144, 1140.0, 121.0, 962.5, 91.0, 719.0, 1
319.5, 350.0, 677.1729041263461, 254.8700426928699, 110, 866.5, 90.0, 686.0, 63.5, 493.5, 1
366.5, 337.5, 560.1906882878393, 293.9873950816691, 121, 962.5, 100.0, 800.0, 78.0, 613.0, 1
273.0, 335.0, 791.6693017445505, 302.9123872295022, 120, 931.0, 99.0, 765.0, 68.5, 537.0, 1
241.5, 334.5, 869.6695990208536, 304.83440681919456, 121, 962.5, 100.0, 800.0, 76.5, 608.0, 1
327.5, 323.5, 656.1555452179164, 338.77981562539935, 121, 962.5, 100.0, 784.0, 80.5, 635.0, 1
386.5, 313.5, 509.56368691287935, 369.8446152843535, 121, 945.0, 100.0, 784.0, 73.0, 581.5, 1
258.5, 312.5, 826.5640742797405, 374.3844650425017, 121, 932.0, 100.0, 759.5, 83.5, 640.0, 1
296.5, 311.5, 732.3957599978894, 377.1473216302693, 121, 945.0, 100.0, 784.0, 81.0, 637.0, 1
335.0, 306.0, 636.7848725989461, 394.1681975349784, 144, 1121.0, 122.2006523544087, 943.0, 85.0, 670.0, 1
274.0, 304.0, 787.786268889904, 401.1604653149843, 120, 931.0, 99.0, 770.0, 88.0, 685.5, 1
225.5, 290.0, 907.2818647697568, 446.0545812509954, 132, 1059.0, 110.0, 875.0, 88.0, 689.0, 1
359.5, 284.5, 575.1251279283315, 462.0531508438289, 143, 1127.5, 120.0, 931.0, 91.0, 712.0, 1
261.5, 283.0, 817.7952393703163, 467.85667633637786, 132, 1045.0, 110.0, 862.5, 94.5, 745.0, 1
310.5, 282.0, 696.3808063045144, 470.5017803646624, 132, 1026.0, 110.0, 875.0, 83.0, 648.5, 1
281.5, 270.0, 767.6671813055873, 508.8478768132627, 132, 1045.0, 110.0, 862.5, 94.0, 736.5, 1
371.5, 260.0, 544.290806427598, 539.5808283500373, 132, 1045.0, 110.0, 875.0, 97.0, 761.0, 1
249.0, 259.0, 847.6681344024837, 544.061801828444, 144, 1136.0, 121.0, 945.0, 96.0, 752.5, 1
333.0, 255.5, 639.4481089990586, 554.2563340142369, 156, 1230.0, 132.0, 1045.0, 104.0, 814.5, 1
306.0, 249.5, 706.052795117721, 573.5631919652224, 156, 1245.5, 132.0, 1045.0, 101.0, 798.0, 1
227.5, 228.0, 899.5157990604639, 642.5507374219596, 182, 1408.0, 156.0, 1209.5, 117.5, 925.5, 1
273.0, 226.5, 786.7479063663632, 646.8181272521615, 156, 1209.5, 132.0, 1026.0, 113.0, 881.0, 1
381.5, 222.5, 517.8206644300371, 658.3352114520967, 169, 1328.5, 144.0, 1155.5, 113.0, 886.0, 1
331.0, 218.5, 642.7236849162728, 671.5543553754687, 156, 1224.5, 132.0, 1026.0, 115.5, 898.5, 1
343.0, 367.5, 619.7590601723641, 199.14981266111135, 110, 857.5, 90.0, 704.0, 69.5, 539.0, 1
300.0, 363.0, 726.06250224635, 213.87348982691765, 100, 787.5, 81.0, 630.0, 61.0, 470.0, 1
380.0, 360.5, 527.7955148834735, 220.941202968359, 110, 857.5, 90.0, 704.0, 68.0, 542.5, 1
257.5, 360.5, 831.2182013411075, 222.2525382898748, 121, 962.5, 109.00000322819778, 790.0, 74.0, 565.0, 1
322.5, 341.0, 669.3339181132615, 283.36467177048326, 110, 880.0, 90.0, 725.0, 70.0, 560.5, 1
366.5, 337.5, 560.1906882878393, 293.9873950816691, 121, 962.5, 100.0, 800.0, 76.0, 599.5, 1
273.0, 335.0, 791.6693017445505, 302.9123872295022, 120, 931.0, 99.0, 765.0, 84.5, 654.0, 1
241.5, 334.5, 869.6695990208536, 304.83440681919456, 121, 962.5, 100.0, 800.0, 79.5, 633.5, 1
327.5, 323.5, 656.1555452179164, 338.77981562539935, 121, 962.5, 100.0, 784.0, 82.5, 651.5, 1
295.5, 324.0, 735.4396609216928, 337.53754944726825, 132, 1026.0, 110.0, 857.5, 86.5, 679.5, 1
363.5, 314.0, 566.5555236116052, 368.506006103009, 110, 864.0, 90.0, 710.5, 71.5, 567.0, 1
386.5, 313.5, 509.56368691287935, 369.8446152843535, 121, 945.0, 100.0, 784.0, 74.0, 587.0, 1
258.5, 312.5, 826.5640742797405, 374.3844650425017, 121, 932.0, 100.0, 759.5, 82.5, 632.5, 1
232.0, 307.5, 891.975658936426, 390.51633244752884, 132, 1035.5, 110.0, 866.5, 74.5, 581.5, 1
314.5, 300.0, 687.289579436183, 413.4054744280875, 132, 1045.0, 110.0, 875.0, 85.0, 679.5, 1
266.5, 290.0, 805.7281493023038, 445.61568534746766, 132, 1045.0, 110.0, 875.0, 93.0, 747.5, 1
232.0, 285.5, 890.9777723159641, 460.24837189912796, 132, 1050.0, 110.0, 866.5, 93.5, 736.5, 1
382.0, 284.5, 519.3944304157048, 461.8122933357954, 132, 1050.0, 110.0, 880.0, 77.5, 611.5, 1
329.5, 285.0, 649.4554038532078, 460.78947510942817, 132, 1026.0, 110.0, 845.5, 85.0, 662.5, 1
359.5, 284.5, 575.1251279283315, 462.0531508438289, 143, 1127.5, 120.0, 931.0, 93.0, 728.5, 1
281.5, 270.0, 767.6671813055873, 508.8478768132627, 132, 1045.0, 110.0, 862.5, 92.5, 726.0, 1
336.0, 265.0, 632.448254916817, 524.1126571893692, 144, 1140.0, 121.0, 962.5, 93.5, 738.5, 1
249.0, 259.0, 847.6681344024837, 544.061801828444, 144, 1136.0, 121.0, 945.0, 95.0, 741.0, 1
300.0, 251.5, 721.0050314199179, 567.2881443202496, 156, 1230.0, 132.0, 1045.0, 100.5, 785.5, 1
315.0, 334.0, 687.5933079048991, 305.6324247047305, 64, 520.0, 49.0, 385.0, 44.0, 338.0, 0
257.5, 320.0, 829.3811827898026, 350.622883643955, 72, 572.0, 56.0, 440.0, 45.0, 348.5, 0
350.5, 317.0, 598.8915576227009, 359.1362537480891, 72, 562.5, 56.0, 429.0, 44.0, 339.5, 0
297.5, 315.0, 730.0775947980583, 366.0428833030164, 72, 562.5, 56.0, 440.0, 43.5, 346.0, 0
329.5, 307.0, 650.4532904736698, 391.05743565782905, 72, 550.0, 56.0, 440.0, 40.5, 320.5, 0
272.5, 298.0, 791.2294978275895, 420.19435142353177, 72, 562.5, 56.0, 440.0, 46.0, 362.0, 0
248.5, 293.5, 850.471462002024, 434.71463780477643, 81, 627.0, 64.0, 510.0, 52.0, 412.0, 0
341.5, 287.0, 619.8230821453035, 454.32174145802855, 72, 574.0, 56.0, 450.5, 44.0, 345.5, 0
293.5, 285.5, 738.6471991147846, 459.59002804383636, 81, 616.0, 64.0, 487.5, 50.5, 391.5, 0
240.5, 266.5, 869.0621420834213, 520.3805062659085, 81, 630.0, 64.0, 500.0, 53.0, 414.5, 0
352.5, 254.5, 591.1028126720339, 557.2172289974988, 81, 641.5, 64.0, 500.0, 58.0, 455.0, 0
279.5, 255.0, 771.9406438432634, 556.4138587228954, 90, 704.0, 72.0, 565.5, 59.5, 475.5, 0
300.5, 364.0, 724.8694007843733, 210.69849928095937, 72, 574.0, 56.0, 429.0, 41.0, 323.0, 0
322.5, 357.0, 670.0596538372338, 232.65046126022935, 72, 574.0, 56.0, 440.0, 48.0, 378.0, 0
263.5, 349.0, 815.8350594528019, 258.63914842531085, 72, 574.0, 56.0, 440.0, 45.5, 351.0, 0
349.0, 344.0, 603.8316164910793, 273.57208067923784, 48, 370.5, 35.0, 272.0, 24.0, 175.0, 0
301.5, 334.0, 721.0317264124751, 305.7769392095506, 72, 550.0, 56.0, 429.0, 38.0, 293.5, 0
332.0, 328.5, 645.2361981291324, 322.8834533393383, 72, 565.5, 56.0, 455.0, 41.5, 338.5, 0
257.5, 319.0, 829.3358243070543, 353.79252180084586, 72, 550.0, 56.0, 440.0, 45.0, 352.0, 0
351.0, 317.0, 597.6530976779759, 359.13090135902166, 64, 500.0, 49.0, 374.0, 43.0, 330.5, 0
282.5, 313.5, 767.163355415687, 370.95791221037507, 81, 652.5, 65.00000029709554, 480.5, 42.5, 332.5, 0
310.5, 305.0, 697.4240514077246, 397.6001027561724, 72, 572.0, 56.0, 440.0, 48.0, 374.5, 0
254.5, 292.0, 835.5419049412012, 439.4048663713038, 72, 572.0, 56.0, 448.5, 40.5, 322.0, 0
328.5, 289.5, 652.1364369150251, 446.5368081815541, 81, 630.0, 64.0, 500.0, 51.0, 398.0, 0
309.5, 328.0, 700.9442164003849, 324.70912992581725, 72, 574.0, 56.0, 429.0, 49.5, 384.0, 0
331.5, 325.0, 646.3159033842385, 333.98253927752376, 72, 562.5, 56.0, 440.0, 45.5, 356.0, 0
326.5, 308.0, 657.9294086247683, 387.91991183534265, 72, 562.5, 56.0, 429.0, 46.5, 363.0, 0
261.5, 308.5, 818.9518806803972, 387.0309033356607, 81, 638.0, 64.0, 507.0, 48.5, 378.0, 0
294.5, 306.5, 737.1228073630482, 393.0169219709933, 63, 517.5, 48.0, 380.0, 43.0, 340.5, 0
352.5, 287.0, 592.5769633613527, 454.2039888985455, 72, 550.0, 56.0, 429.0, 45.5, 354.5, 0
293.5, 286.5, 738.6925575975329, 456.4203898869455, 81, 630.0, 64.0, 487.5, 55.0, 426.0, 0
265.0, 282.5, 809.1033405158669, 469.4040286913514, 90, 700.0, 72.0, 562.5, 57.0, 441.5, 0
299.5, 275.0, 723.3094157092273, 492.80700002238154, 72, 562.5, 56.0, 440.0, 50.5, 398.0, 0
234.0, 275.5, 885.5703477095813, 491.923343911767, 90, 725.0, 72.0, 585.0, 53.5, 428.0, 0
331.5, 270.5, 643.8438660744578, 506.7278188280761, 81, 641.5, 64.0, 510.5, 57.5, 448.0, 0
318.5, 253.0, 675.250051189214, 562.335648689419, 90, 720.0, 72.0, 580.0, 59.0, 471.0, 0
313.0, 355.0, 693.4996758215129, 239.0914329662919, 64, 500.0, 44.283180976791755, 347.5, 27.0, 220.0, 0
359.5, 345.0, 577.8693161346018, 270.29004235193133, 72, 574.0, 56.0, 439.0, 41.0, 322.0, 0
279.5, 342.0, 775.8868318423629, 280.65533907338977, 72, 574.0, 56.0, 429.0, 46.0, 358.0, 0
309.5, 328.0, 700.9442164003849, 324.70912992581725, 72, 574.0, 56.0, 429.0, 50.5, 390.0, 0
331.5, 325.0, 646.3159033842385, 333.98253927752376, 72, 562.5, 56.0, 440.0, 45.0, 353.0, 0
370.5, 323.0, 549.6253107301891, 339.9043292440474, 72, 550.0, 56.0, 429.0, 42.5, 335.5, 0
284.5, 321.5, 762.572383498773, 345.5793973989785, 63, 484.0, 48.0, 370.5, 39.5, 317.0, 0
327.5, 309.5, 655.5205264594406, 383.1547498218715, 81, 638.0, 64.0, 487.5, 48.0, 371.0, 0
293.5, 308.5, 739.6904442179948, 386.68835043534636, 81, 630.0, 64.0, 487.5, 50.5, 395.0, 0
257.5, 306.0, 828.7461640313268, 394.99781784042716, 72, 562.5, 56.0, 440.0, 46.0, 349.0, 0
342.5, 289.0, 617.43687922135, 447.971760366112, 72, 550.0, 56.0, 440.0, 51.0, 401.0, 0
296.5, 286.5, 731.2617979291826, 456.388275552541, 81, 630.0, 64.0, 500.0, 50.5, 390.5, 0
298.0, 373.0, 731.4699268527329, 182.1985178142786, 64, 500.0, 49.0, 385.0, 39.0, 308.5, 0
267.0, 358.0, 807.5740661844611, 230.07493828982115, 64, 500.0, 49.0, 385.0, 39.5, 305.0, 0
313.0, 355.0, 693.4996758215129, 239.0914329662919, 64, 500.0, 49.0, 385.0, 39.0, 308.5, 0
337.5, 351.5, 632.6563838403672, 249.9228994511068, 63, 495.0, 48.0, 371.0, 38.0, 302.0, 0
279.5, 342.0, 775.8868318423629, 280.65533907338977, 72, 574.0, 56.0, 429.0, 46.0, 356.5, 0
309.5, 328.0, 700.9442164003849, 324.70912992581725, 72, 574.0, 56.0, 429.0, 50.0, 388.5, 0
331.5, 325.0, 646.3159033842385, 333.98253927752376, 72, 562.5, 56.0, 440.0, 47.0, 368.0, 0
229.5, 323.0, 898.8710151426494, 341.4137029610574, 72, 585.0, 56.0, 448.5, 44.0, 339.5, 0
284.5, 321.5, 762.572383498773, 345.5793973989785, 63, 484.0, 48.0, 370.5, 40.0, 318.5, 0
327.5, 309.5, 655.5205264594406, 383.1547498218715, 81, 638.0, 64.0, 487.5, 50.0, 387.5, 0
294.0, 308.5, 738.4519842732698, 386.68299804627895, 90, 700.0, 72.0, 550.0, 54.5, 433.5, 0
257.5, 306.0, 828.7461640313268, 394.99781784042716, 72, 562.5, 56.0, 440.0, 47.0, 356.5, 0
308.5, 359.0, 704.8272492550313, 226.46105184033513, 72, 585.0, 56.0, 450.5, 42.5, 335.0, 0
235.5, 350.0, 885.2341748401523, 255.76924405619502, 72, 562.5, 58.30951752432884, 444.0, 38.5, 296.0, 0
364.0, 348.0, 566.8592520803213, 260.732956379652, 64, 487.5, 49.0, 374.0, 39.5, 305.5, 0
293.5, 321.0, 740.2574252523482, 347.0678734742105, 72, 562.5, 57.00877137067437, 411.0, 41.5, 327.5, 0
344.0, 317.0, 614.9915369041264, 359.2058348059654, 64, 500.0, 49.0, 385.0, 43.5, 344.5, 0
249.5, 308.5, 848.674919353798, 387.15936067327857, 81, 652.5, 64.0, 487.5, 49.5, 386.5, 0
406.5, 307.0, 459.7304589860141, 390.2331677414477, 72, 562.5, 56.0, 440.0, 48.5, 370.0, 0
318.0, 287.5, 678.0533787887543, 452.98848466575146, 72, 580.0, 56.0, 455.0, 47.5, 376.0, 0
385.5, 275.0, 510.294305216521, 491.8863891027868, 90, 709.0, 72.0, 560.0, 51.5, 401.0, 0
220.5, 268.0, 918.6685775965452, 515.8401445932686, 72, 550.0, 56.0, 429.0, 52.0, 402.0, 0
288.5, 255.5, 749.6710440795869, 554.7326966412365, 81, 641.5, 64.0, 497.5, 54.5, 426.5, 0
337.0, 239.0, 628.7920144759119, 606.512544490397, 100, 784.0, 81.0, 638.0, 62.5, 503.0, 0
354.0, 378.5, 593.0118846986443, 164.16604037582874, 56, 440.0, 42.0, 332.5, 36.0, 280.0, 0
260.0, 373.5, 825.6155618932098, 181.02048030495644, 56, 460.0, 42.0, 323.0, 37.5, 286.5, 0
306.0, 357.0, 710.92883201316, 232.82709009945393, 64, 500.0, 49.0, 374.0, 38.5, 301.0, 0
404.0, 356.0, 468.14532436430454, 234.94765999913216, 64, 487.5, 49.0, 385.0, 41.5, 326.5, 0
226.5, 354.0, 907.707887776196, 243.18703443184495, 72, 562.5, 56.0, 429.0, 44.5, 345.5, 0
188.5, 321.5, 1000.35669288598, 346.60705609992146, 81, 616.0, 64.0, 500.0, 49.5, 388.0, 0
242.0, 298.5, 866.7982336971909, 418.93602807819843, 90, 710.5, 72.0, 572.0, 56.5, 451.5, 0
413.5, 297.5, 441.96111417375505, 420.2697967849672, 81, 627.5, 64.0, 487.5, 34.5, 275.5, 0
193.5, 264.5, 985.3866599220783, 527.2229071520269, 81, 627.0, 64.0, 500.0, 57.5, 450.5, 0
378.5, 233.5, 525.7503674086183, 623.5013060607016, 81, 630.0, 64.0, 500.0, 59.5, 467.0, 0
249.0, 225.5, 846.1486252304167, 650.2446800842881, 90, 712.5, 72.0, 550.0, 61.5, 470.5, 0
308.0, 214.0, 699.4887292012572, 686.0639369785786, 100, 775.0, 81.0, 630.0, 71.5, 550.0, 0
262.0, 380.5, 820.9792314935476, 158.8116036504507, 56, 440.0, 42.0, 332.5, 38.0, 302.5, 0
354.0, 378.5, 593.0118846986443, 164.16604037582874, 56, 440.0, 42.0, 332.5, 30.0, 236.5, 0
190.5, 363.0, 997.2852301411331, 215.04566303268075, 72, 562.5, 56.0, 440.0, 44.5, 350.0, 0
321.0, 328.5, 672.4823169130832, 323.00120589882135, 72, 580.0, 56.0, 455.0, 48.5, 389.0, 0
421.5, 317.0, 423.03024547174573, 358.37621450051665, 72, 572.0, 56.0, 448.5, 41.5, 331.5, 0
168.5, 317.5, 1049.7136567439884, 359.4997042901814, 81, 630.0, 64.0, 500.0, 53.5, 414.0, 0
266.0, 313.5, 808.0325335916132, 371.13454104959965, 72, 580.0, 56.0, 437.5, 51.5, 403.0, 0
320.5, 273.5, 671.2260603066534, 497.33665691688657, 81, 630.0, 64.0, 500.0, 54.5, 431.0, 0
208.0, 273.5, 949.8795478697866, 498.54094445705414, 90, 700.0, 72.0, 562.5, 60.0, 471.0, 0
404.5, 246.0, 461.9174313172698, 583.6025048680604, 90, 720.0, 72.0, 565.5, 60.0, 463.5, 0
296.0, 232.0, 730.028220564127, 629.1389074921608, 100, 787.5, 81.0, 641.5, 55.0, 419.5, 0
214.5, 225.0, 931.57968217507, 652.1988140083849, 90, 693.0, 72.0, 565.5, 60.0, 468.0, 0
244.0, 370.0, 865.087525434792, 192.28549030423164, 64, 510.5, 49.0, 394.0, 42.5, 335.5, 0
301.0, 360.0, 723.4495069086552, 223.37169951945543, 64, 520.0, 49.0, 402.5, 42.0, 336.0, 0
363.0, 353.5, 569.5856436248869, 243.31065129488707, 56, 440.0, 42.0, 332.5, 38.5, 297.5, 0
199.5, 341.0, 973.9950645156205, 284.68135948106647, 72, 561.5, 56.0, 429.0, 50.5, 396.5, 0
262.5, 309.5, 816.5203192736953, 383.850560400635, 81, 638.0, 64.0, 507.0, 52.0, 424.5, 0
324.5, 302.0, 662.6110975071788, 406.9591503329575, 72, 550.0, 56.0, 429.0, 49.5, 384.0, 0
167.5, 301.5, 1051.4648409094661, 410.2246195785701, 81, 627.0, 64.0, 500.0, 53.5, 416.0, 0
391.5, 288.5, 496.04512539692223, 449.0320453159511, 81, 638.0, 64.0, 507.0, 49.5, 384.0, 0
220.5, 261.5, 918.3737474586815, 536.4427926130593, 81, 616.0, 64.0, 500.0, 56.0, 434.0, 0
282.0, 250.5, 765.544230947271, 570.6504684835672, 90, 700.0, 72.0, 562.5, 52.5, 406.5, 0
158.5, 245.5, 1071.2170448806137, 587.8206993676722, 81, 652.5, 64.0, 520.0, 59.0, 472.5, 0
364.5, 234.5, 560.4726043436676, 620.4815347976983, 81, 616.0, 64.0, 500.0, 59.5, 464.0, 0
289.5, 380.0, 752.8412552922964, 160.1020413301885, 90, 697.5, 72.0, 560.0, 39.5, 307.5, 1
349.0, 379.0, 605.4191633872688, 162.63474518805742, 100, 800.0, 81.0, 627.0, 60.0, 465.0, 1
256.0, 373.0, 835.500562209636, 182.64811849594116, 100, 800.0, 81.0, 641.5, 63.0, 493.5, 1
386.0, 363.0, 513.0473917536438, 212.95287890732288, 100, 775.0, 81.0, 630.0, 68.0, 523.0, 1
316.0, 356.0, 686.114274635911, 235.88968047499657, 100, 787.5, 81.0, 630.0, 68.0, 523.5, 1
231.0, 356.0, 896.6524652391672, 236.7995866164565, 100, 772.0, 81.0, 630.0, 62.0, 475.5, 1
425.5, 338.5, 414.09777329303324, 290.1861750148237, 121, 945.0, 100.0, 784.0, 78.5, 610.5, 1
357.0, 337.5, 583.721427237615, 294.0890904739499, 110, 857.5, 90.0, 704.0, 77.5, 606.5, 1
269.0, 336.0, 801.622339785099, 299.7855681851506, 100, 784.0, 81.0, 630.0, 64.5, 499.5, 1
207.5, 328.0, 953.5900451242924, 325.8010172955692, 110, 851.0, 90.0, 686.0, 74.0, 577.0, 1
309.5, 321.5, 700.6493862625211, 345.3117779456079, 121, 962.5, 100.0, 775.0, 83.5, 648.0, 1
253.0, 298.5, 839.5521149132401, 418.8182755187154, 132, 1050.0, 110.0, 880.0, 88.5, 702.0, 1
364.5, 296.5, 563.2848302740604, 423.9639690704644, 121, 962.5, 100.0, 800.0, 74.5, 587.0, 1
210.5, 290.5, 944.458342352882, 444.6303338445723, 121, 945.0, 100.0, 784.0, 90.5, 703.0, 1
414.5, 284.0, 438.87185476720333, 463.0492071248591, 132, 1059.0, 110.0, 875.0, 88.5, 702.0, 1
303.5, 283.0, 713.7646040134132, 467.4070756547153, 132, 1045.0, 110.0, 875.0, 89.0, 706.5, 1
444.0, 262.0, 364.80483140796423, 532.4654556214809, 144, 1121.0, 121.0, 945.0, 98.0, 763.0, 1
366.0, 248.5, 557.3922432679683, 576.0905434340239, 156, 1209.5, 132.0, 1026.0, 109.0, 862.0, 1
283.0, 244.5, 762.7951601613313, 589.6575926467776, 156, 1224.5, 132.0, 1026.0, 100.0, 782.0, 1
234.0, 240.5, 883.9828008133918, 602.8606794029474, 156, 1230.0, 132.0, 1045.0, 108.0, 855.5, 1
412.5, 213.0, 440.6052422709763, 688.1149258203804, 182, 1462.5, 156.0, 1209.5, 120.0, 943.5, 1
297.0, 200.5, 726.1225084681064, 728.9718046560884, 180, 1410.0, 154.0, 1188.0, 126.0, 999.0, 1
365.0, 196.0, 557.4878428131342, 742.5072514489293, 196, 1540.0, 169.0, 1332.5, 125.0, 987.0, 1
210.0, 192.0, 941.2289917469025, 756.8450446873903, 196, 1535.5, 169.0, 1328.0, 133.5, 1051.5, 1
289.5, 380.0, 752.8412552922964, 160.1020413301885, 90, 697.5, 72.0, 560.0, 64.0, 487.5, 1
350.0, 378.5, 602.9195642564446, 164.20885948836803, 90, 725.0, 72.0, 562.5, 59.5, 465.5, 1
399.0, 375.5, 481.4144142251462, 173.19323983043432, 90, 725.0, 72.0, 550.0, 57.0, 441.0, 1
256.0, 373.0, 835.500562209636, 182.64811849594116, 100, 800.0, 81.0, 641.5, 61.5, 483.0, 1
214.0, 371.5, 939.4631598424166, 187.85217641294003, 90, 725.0, 72.0, 585.0, 60.5, 483.5, 1
308.0, 362.5, 706.2244638893753, 215.3726706802845, 90, 686.0, 72.0, 550.0, 57.5, 447.5, 1
368.5, 358.5, 556.1893766466528, 227.4035842306912, 99, 776.5, 80.0, 620.0, 73.0, 566.0, 1
185.0, 355.5, 1010.5681009124964, 238.8768254891038, 110, 875.0, 90.0, 720.0, 72.5, 583.5, 1
247.5, 341.5, 855.1255890633911, 282.58271105214953, 121, 931.5, 100.0, 772.0, 80.5, 627.0, 1
418.5, 335.5, 431.30013707093894, 299.77002293244004, 121, 962.5, 100.0, 800.0, 77.0, 610.0, 1
371.5, 305.0, 546.3319381512702, 396.9471112899482, 132, 1059.0, 110.0, 863.0, 78.0, 602.0, 1
202.5, 304.5, 964.9087202269584, 400.3410378731787, 121, 945.0, 100.0, 775.0, 86.0, 667.0, 1
168.5, 300.0, 1048.9198832958937, 414.9683720357716, 132, 1026.0, 110.0, 845.5, 90.5, 705.0, 1
421.5, 295.0, 422.0323588512838, 428.1082539521158, 132, 1026.0, 110.0, 857.5, 86.0, 676.0, 1
294.5, 289.0, 736.3290339149535, 448.4855897165835, 132, 1045.0, 110.0, 875.0, 90.5, 709.5, 1
240.5, 265.0, 868.994104359299, 525.1349635012448, 132, 1026.0, 110.0, 857.5, 95.5, 751.0, 1
413.0, 257.5, 441.3852348085493, 547.0606754496694, 156, 1209.5, 132.0, 1026.0, 103.0, 808.0, 1
163.0, 253.0, 1060.4110939987004, 564.000241689384, 144, 1140.0, 121.0, 949.0, 105.0, 822.5, 1
432.0, 209.5, 392.14654973708093, 698.9999161958694, 182, 1414.5, 156.0, 1235.0, 122.5, 963.5, 1
238.0, 201.0, 872.2834611870348, 728.0185674875975, 168, 1327.5, 143.0, 1121.0, 122.5, 958.5, 1
185.0, 199.5, 1003.4921776037663, 733.3403779640794, 182, 1453.0, 156.0, 1251.5, 128.0, 1004.0, 1
406.0, 199.0, 456.070202793926, 732.559441074729, 196, 1518.0, 179.9999924907106, 1387.0, 129.5, 1021.5, 1
365.0, 196.0, 557.4878428131342, 742.5072514489293, 196, 1540.0, 169.0, 1332.5, 125.0, 987.0, 1
316.0, 186.5, 678.4260118100792, 773.1433480679989, 180, 1386.5, 154.0, 1188.0, 125.5, 992.0, 1
172.0, 392.0, 1044.4236440956593, 123.32419487833977, 100, 800.0, 81.0, 638.0, 62.5, 501.0, 1
219.0, 389.5, 927.8950130846351, 130.74516569823027, 90, 712.5, 72.0, 574.0, 59.5, 470.0, 1
402.0, 383.0, 474.323843177408, 149.38883931934834, 100, 784.0, 81.0, 638.0, 57.5, 458.0, 1
350.0, 378.5, 602.9195642564446, 164.20885948836803, 90, 725.0, 72.0, 562.5, 59.5, 465.5, 1
257.0, 378.0, 833.2504347339272, 166.789222933352, 100, 784.0, 73.00685280042671, 592.0, 59.0, 457.5, 1
324.0, 369.0, 666.8885757960379, 194.59874621033669, 100, 800.0, 81.0, 652.5, 60.5, 471.0, 1
163.0, 359.0, 1065.219093170017, 228.01859705895185, 100, 759.5, 81.0, 616.0, 71.5, 545.5, 1
388.0, 354.5, 507.7080048713833, 239.87339368462563, 110, 857.5, 90.0, 704.0, 70.5, 565.0, 1
193.0, 352.0, 990.5939871072769, 249.88492081314325, 100, 788.0, 81.0, 630.0, 75.5, 588.0, 1
435.5, 348.5, 389.7821592260152, 258.38274566456676, 121, 949.0, 100.0, 775.0, 73.5, 567.0, 1
411.0, 322.5, 449.287375966087, 341.0556048080325, 110, 857.5, 90.0, 704.0, 73.0, 569.0, 1
229.5, 317.5, 898.6215434875339, 358.8467128239572, 121, 945.0, 100.0, 784.0, 84.0, 662.5, 1
445.0, 308.5, 364.4370809663087, 385.0665765479207, 132, 1050.0, 123.49088447845133, 884.5, 80.0, 618.5, 1
149.0, 304.0, 1097.4012550711632, 402.4985625818372, 144, 1121.0, 121.0, 945.0, 96.5, 773.5, 1
402.0, 275.5, 469.44780628196895, 490.12494118511677, 156, 1230.0, 122.26201310088436, 1005.5, 94.5, 743.5, 1
200.0, 275.0, 969.7629447095096, 493.8721254467964, 144, 1121.0, 121.0, 931.5, 98.5, 752.0, 1
161.5, 246.5, 1063.8316436950117, 584.6189468763769, 169, 1328.5, 127.47548842727701, 1100.0, 111.0, 880.5, 1
470.5, 230.0, 297.71498288959265, 633.610200021416, 156, 1235.0, 132.0, 1050.0, 111.0, 865.5, 1
423.5, 201.5, 412.8375009354204, 724.4480120651424, 169, 1328.5, 144.0, 1141.0, 125.0, 982.0, 1
342.5, 193.0, 613.082464877516, 752.2570234276354, 182, 1424.5, 156.0, 1209.5, 128.0, 998.5, 1
265.5, 192.0, 803.7599378824234, 756.2509295009077, 182, 1446.5, 156.0, 1230.0, 132.0, 1023.5, 1
142.0, 191.5, 1109.6368649881333, 759.1577886790037, 182, 1414.5, 156.0, 1216.0, 128.0, 1011.5, 1
464.0, 191.0, 312.0459813438356, 757.2956691980362, 196, 1518.0, 169.0, 1332.5, 139.0, 1087.0, 1
192.5, 189.5, 984.4616936054081, 764.9564736969769, 169, 1312.0, 144.0, 1121.0, 113.5, 894.0, 1
172.0, 392.0, 1044.4236440956593, 123.32419487833977, 100, 800.0, 81.0, 638.0, 59.5, 474.0, 1
219.0, 389.5, 927.8950130846351, 130.74516569823027, 90, 712.5, 72.0, 574.0, 58.5, 463.5, 1
402.5, 383.0, 473.08538323268294, 149.38348693028092, 90, 720.0, 72.0, 580.0, 57.0, 458.5, 1
350.0, 378.0, 602.8968850150704, 165.79367856681347, 100, 800.0, 81.0, 630.0, 60.5, 471.5, 1
257.0, 377.0, 833.205076251179, 169.95886109024286, 100, 759.5, 81.0, 616.0, 60.0, 466.5, 1
324.0, 369.0, 666.8885757960379, 194.59874621033669, 100, 800.0, 81.0, 652.5, 60.5, 471.0, 1
163.0, 359.0, 1065.219093170017, 228.01859705895185, 100, 759.5, 81.0, 616.0, 71.5, 545.5, 1
388.0, 354.5, 507.7080048713833, 239.87339368462563, 110, 857.5, 90.0, 704.0, 68.5, 553.0, 1
193.0, 352.0, 990.5939871072769, 249.88492081314325, 100, 788.0, 81.0, 630.0, 73.5, 573.0, 1
435.5, 348.5, 389.7821592260152, 258.38274566456676, 121, 949.0, 100.0, 775.0, 72.0, 555.0, 1
411.0, 322.5, 449.287375966087, 341.0556048080325, 110, 857.5, 90.0, 704.0, 73.0, 569.0, 1
229.5, 317.5, 898.6215434875339, 358.8467128239572, 121, 945.0, 100.0, 784.0, 82.0, 646.0, 1
445.5, 307.5, 363.1532625388354, 388.23086231574416, 121, 962.5, 100.0, 772.0, 74.5, 572.5, 1
149.0, 304.0, 1097.4012550711632, 402.4985625818372, 144, 1121.0, 121.0, 945.0, 95.5, 756.5, 1
402.0, 275.5, 469.44780628196895, 490.12494118511677, 156, 1230.0, 122.26201310088436, 1005.5, 96.0, 757.0, 1
200.0, 275.0, 969.7629447095096, 493.8721254467964, 144, 1121.0, 121.0, 931.5, 94.5, 725.0, 1
161.5, 246.5, 1063.8316436950117, 584.6189468763769, 169, 1328.5, 144.0, 1140.0, 115.0, 910.5, 1
470.5, 230.0, 297.71498288959265, 633.610200021416, 156, 1235.0, 132.0, 1050.0, 93.5, 729.0, 1
423.5, 201.5, 412.8375009354204, 724.4480120651424, 169, 1328.5, 144.0, 1141.0, 123.0, 967.0, 1
342.5, 192.5, 613.0597856361419, 753.8418425060809, 195, 1520.5, 168.0, 1298.0, 129.0, 1004.5, 1
464.0, 191.0, 312.0459813438356, 757.2956691980362, 196, 1518.0, 169.0, 1332.5, 137.5, 1070.5, 1
265.5, 191.5, 803.7372586410493, 757.8357485793531, 195, 1544.0, 168.0, 1320.0, 134.5, 1045.0, 1
142.0, 191.0, 1109.6141857467592, 760.7426077574492, 196, 1558.0, 169.0, 1328.5, 128.0, 1017.0, 1
192.5, 189.5, 984.4616936054081, 764.9564736969769, 169, 1312.0, 144.0, 1121.0, 116.5, 916.5, 1
273.0, 366.0, 793.0754147097468, 204.65360436588526, 144, 1140.0, 121.0, 962.5, 98.0, 774.5, 2
331.5, 355.0, 647.6766578666866, 238.89339457079768, 132, 1045.0, 110.0, 862.5, 85.5, 658.0, 2
217.0, 343.5, 930.7623626571149, 276.5699304714799, 156, 1224.5, 132.0, 1026.0, 113.0, 876.5, 2
384.5, 314.5, 514.5628851745278, 366.69638668373227, 169, 1312.0, 144.0, 1121.0, 116.5, 914.5, 2
277.5, 307.5, 779.2758039664477, 390.0292650423944, 169, 1332.5, 144.0, 1140.0, 108.5, 859.0, 2
203.5, 299.0, 962.1823286823928, 417.7633429579437, 156, 1235.0, 132.0, 1050.0, 108.5, 848.0, 2
368.5, 266.5, 552.016396233812, 519.0102946646512, 169, 1312.0, 144.0, 1121.0, 55.0, 431.5, 2
257.0, 244.5, 827.1950772870332, 589.935916878283, 210, 1621.5, 182.0, 1430.0, 149.5, 1164.5, 2
168.5, 233.5, 1045.9035441931337, 625.7493094690144, 225, 1781.5, 196.0, 1518.0, 156.5, 1223.0, 2
342.5, 196.0, 613.2185403257608, 742.7481089569628, 240, 1887.0, 192.99999076073527, 1514.0, 142.5, 1107.0, 2
264.5, 377.0, 814.6281770803034, 169.8785752542317, 132, 1026.0, 110.0, 845.5, 85.5, 667.0, 2
370.5, 367.5, 551.6437632124871, 198.85543126240373, 121, 962.5, 100.0, 800.0, 83.5, 662.5, 2
290.0, 356.5, 750.536871002987, 234.58318562805653, 132, 1035.0, 110.0, 866.5, 76.0, 585.5, 2
179.5, 357.5, 1024.2818772699684, 232.59642545506358, 169, 1349.0, 138.7083329206398, 1181.0, 106.0, 836.5, 2
168.5, 309.5, 1049.3507888820022, 384.85680954530835, 169, 1332.5, 144.0, 1140.0, 109.0, 867.0, 2
418.5, 293.5, 429.3950807955116, 432.89482552185655, 169, 1312.0, 144.0, 1121.0, 106.0, 832.0, 2
380.5, 281.5, 522.9737348016351, 471.33726497367024, 169, 1328.5, 138.29316792969985, 1090.0, 100.0, 774.0, 2
161.0, 244.5, 1064.9793866742402, 590.963575579226, 210, 1621.5, 182.0, 1408.0, 149.5, 1173.0, 2
405.5, 234.0, 458.8962096348405, 621.627457972616, 208, 1616.5, 180.0, 1425.5, 129.0, 1001.0, 2
229.5, 204.0, 893.4733556956053, 718.6006436310709, 240, 1869.0, 210.0, 1639.0, 167.5, 1306.0, 2
322.5, 368.0, 670.5585971474648, 197.7844415344298, 132, 1026.0, 110.0, 857.5, 93.0, 729.0, 2
311.0, 338.0, 697.6824213936925, 292.9966911897063, 144, 1121.5, 123.49088447845133, 921.0, 89.5, 699.0, 2
208.5, 327.5, 951.0904459934682, 327.3751315958798, 169, 1328.5, 144.0, 1121.5, 101.0, 789.5, 2
391.0, 326.0, 498.9845284447074, 330.1759668216109, 168, 1335.5, 143.0, 1127.5, 110.5, 871.0, 2
286.5, 286.0, 756.0083175823092, 458.0801424123347, 182, 1440.0, 156.0, 1209.5, 118.5, 934.0, 2
415.5, 259.0, 435.2609728090465, 542.279456268996, 182, 1430.0, 156.0, 1230.0, 132.5, 1051.0, 2
177.0, 252.0, 1025.688857063651, 567.0200129523873, 196, 1552.5, 162.11106946231303, 1319.0, 128.5, 1003.0, 2
272.0, 223.0, 789.0660715661943, 657.9225655794144, 224, 1759.5, 195.0, 1560.0, 162.0, 1289.5, 2
432.0, 221.5, 392.6908515300602, 660.964258313179, 210, 1621.5, 182.0, 1408.0, 131.0, 1037.0, 2
358.5, 217.5, 574.5630294736475, 674.429612133652, 195, 1560.0, 168.0, 1327.5, 126.0, 976.0, 2
234.0, 377.0, 890.1742337085307, 170.2050709873438, 120, 929.5, 101.24228803157166, 789.0, 80.5, 649.0, 2
301.5, 371.5, 722.7326695155352, 186.91550832614303, 121, 962.5, 100.0, 800.0, 79.0, 626.0, 2
362.5, 366.5, 571.4137638453394, 202.11070764437318, 121, 945.0, 100.0, 784.0, 85.0, 662.5, 2
220.5, 344.5, 922.1385015267879, 273.36282559111714, 143, 1141.5, 120.0, 963.0, 103.0, 794.5, 2
179.5, 329.5, 1023.0118397530168, 321.3462938480079, 169, 1328.5, 144.0, 1136.0, 84.5, 660.0, 2
260.5, 326.5, 822.2452532593161, 329.9881212897599, 169, 1332.5, 144.0, 1140.0, 116.5, 915.0, 2
196.0, 301.0, 980.8499448187649, 411.5043524801731, 196, 1518.0, 176.18173052832935, 1312.0, 126.5, 991.0, 2
320.5, 294.5, 672.178588444367, 430.7742556221783, 169, 1312.0, 144.0, 1121.0, 81.5, 649.0, 2
248.5, 268.5, 849.3374999333173, 513.9555917270482, 169, 1332.5, 141.03191489758865, 1067.0, 109.0, 860.0, 2
171.5, 248.0, 1039.1304825246334, 579.7574418596923, 210, 1669.0, 175.48219657522714, 1423.0, 137.0, 1076.0, 2
235.0, 388.0, 888.1962571293116, 135.3283464834094, 120, 944.0, 99.0, 797.5, 77.5, 625.0, 2
283.5, 383.0, 767.8388500772417, 150.65735552832484, 132, 1045.0, 110.0, 875.0, 89.5, 712.0, 2
181.0, 382.0, 1021.6777802631259, 154.92423344403505, 144, 1136.0, 121.0, 931.5, 97.0, 740.5, 2
321.5, 379.0, 673.5344603471458, 162.92912658676505, 110, 837.0, 90.0, 686.0, 81.5, 635.5, 2
226.0, 358.0, 909.1277816519141, 230.51383419334888, 144, 1140.0, 121.0, 962.5, 101.5, 804.0, 2
165.0, 341.5, 1059.4714799430221, 283.4658552482724, 156, 1260.0, 132.0, 1059.0, 109.5, 858.0, 2
201.0, 329.5, 969.7580621298403, 321.1161411181092, 156, 1209.5, 132.0, 1026.0, 112.5, 878.0, 2
156.0, 294.5, 1079.631910258904, 432.5351916253567, 182, 1453.0, 156.46086187246146, 1197.5, 119.5, 939.0, 2
199.0, 283.5, 972.62541170232, 466.94090589135885, 210, 1645.0, 172.04651061157347, 1406.0, 133.5, 1046.0, 2
177.0, 247.0, 1025.4620646499097, 582.8682037368417, 196, 1558.0, 150.47924126045655, 1260.0, 127.0, 996.0, 2
357.5, 382.0, 584.501419775188, 153.03484010323882, 110, 837.0, 90.0, 686.0, 76.0, 582.5, 2
299.5, 381.0, 728.117414880544, 156.82535539194942, 132, 1045.0, 110.0, 845.5, 91.5, 715.5, 2
238.5, 377.5, 879.0507734473795, 168.57208040729165, 121, 931.5, 100.0, 772.0, 90.0, 693.0, 2
421.5, 374.5, 425.63835822977126, 176.12202047929168, 121, 962.5, 100.0, 800.0, 82.0, 650.5, 2
320.5, 349.5, 674.6733049955219, 256.4441569931805, 143, 1141.5, 134.37261490998935, 955.5, 81.0, 640.0, 2
410.5, 347.0, 451.63711873814464, 263.40482235327363, 132, 1026.0, 110.0, 857.5, 80.5, 647.0, 2
371.0, 321.0, 548.2961338199675, 346.23825316876173, 144, 1121.0, 121.0, 945.0, 98.5, 784.0, 2
431.5, 286.0, 396.8549336120486, 456.52794958278537, 182, 1408.0, 156.0, 1230.0, 129.5, 1023.5, 2
376.0, 285.0, 534.2786289937794, 460.2917029261589, 168, 1298.0, 143.0, 1107.0, 87.0, 676.0, 2
424.5, 228.0, 411.5625808387995, 640.4418961293995, 210, 1628.0, 159.20113041737932, 1300.0, 125.5, 986.5, 2
357.5, 382.0, 584.501419775188, 153.03484010323882, 110, 837.0, 90.0, 686.0, 76.0, 584.0, 2
299.5, 381.0, 728.117414880544, 156.82535539194942, 132, 1045.0, 110.0, 845.5, 90.5, 707.0, 2
238.5, 377.5, 879.0507734473795, 168.57208040729165, 121, 931.5, 100.0, 772.0, 89.0, 684.0, 2
421.5, 374.5, 425.63835822977126, 176.12202047929168, 121, 962.5, 100.0, 800.0, 82.5, 651.5, 2
320.5, 349.5, 674.6733049955219, 256.4441569931805, 143, 1141.5, 120.0, 950.0, 85.5, 679.0, 2
410.5, 347.0, 451.63711873814464, 263.40482235327363, 132, 1026.0, 110.0, 857.5, 80.5, 647.0, 2
371.0, 321.0, 548.2961338199675, 346.23825316876173, 144, 1121.0, 121.0, 945.0, 98.5, 784.0, 2
431.0, 286.0, 398.09339355677366, 456.5333019718528, 196, 1518.0, 169.0, 1332.5, 131.5, 1041.0, 2
376.0, 285.0, 534.2786289937794, 460.2917029261589, 168, 1298.0, 143.0, 1107.0, 124.5, 963.5, 2
424.5, 228.5, 411.5852600801736, 638.8570770509541, 195, 1517.0, 180.09997465650758, 1314.5, 124.5, 980.5, 2
132.5, 325.0, 1139.222961384803, 336.1127901263535, 156, 1235.0, 132.0, 1050.0, 103.0, 812.5, 2
175.5, 315.0, 1032.2618213109672, 367.3488662354648, 156, 1235.0, 132.0, 1050.0, 104.0, 820.0, 2
209.0, 287.5, 948.0376467388123, 454.15530548244715, 182, 1435.0, 156.0, 1235.0, 120.5, 940.5, 2
116.0, 277.0, 1177.9149323888123, 488.4320504963398, 196, 1518.0, 169.0, 1312.0, 138.5, 1094.0, 2
172.5, 245.0, 1036.5174871869385, 589.2556515522301, 210, 1647.0, 182.0, 1414.5, 158.0, 1238.0, 2
226.0, 233.5, 903.4806505497545, 625.1337847262621, 210, 1645.0, 182.0, 1430.0, 156.0, 1220.5, 2
115.5, 224.0, 1176.749392747879, 656.4282252006233, 272, 2121.5, 224.10936189204585, 1679.0, 163.0, 1285.0, 2
292.5, 196.5, 737.0872140396386, 741.6985287852585, 195, 1536.0, 168.0, 1298.0, 133.5, 1039.5, 2
155.5, 189.0, 1076.0850502736866, 766.9373695664108, 272, 2142.0, 240.0, 1896.0, 193.0, 1516.5, 2
245.5, 187.0, 853.0715432576835, 772.3132158480585, 210, 1628.0, 182.0, 1414.5, 155.0, 1208.0, 2
156.0, 357.0, 1082.466815430671, 234.43280681967735, 168, 1330.0, 116.27553645386251, 959.5, 97.5, 771.0, 2
179.0, 329.5, 1024.2502996977419, 321.35164623707533, 154, 1207.5, 129.1394632697984, 1007.0, 91.0, 705.5, 2
136.5, 326.5, 1129.3833195511252, 331.3155137784779, 169, 1332.5, 144.0, 1121.0, 120.0, 942.0, 2
280.5, 274.5, 770.3482143674046, 494.5952098853886, 195, 1560.0, 168.0, 1313.0, 134.5, 1064.5, 2
126.5, 266.0, 1151.4083302393556, 523.1856700517237, 210, 1647.0, 182.0, 1435.0, 146.5, 1144.5, 2
177.5, 234.5, 1023.6566236708313, 622.4833283089101, 225, 1776.0, 196.0, 1552.5, 155.0, 1232.0, 2
360.5, 205.5, 569.0648879017681, 712.4438604600728, 255, 2025.0, 224.0, 1759.5, 171.0, 1345.0, 2
292.5, 196.5, 737.0872140396386, 741.6985287852585, 195, 1536.0, 168.0, 1298.0, 135.5, 1048.5, 2
155.0, 191.5, 1077.4369064252824, 759.018626563251, 272, 2107.0, 240.0, 1869.0, 188.5, 1474.5, 2
245.5, 187.0, 853.0715432576835, 772.3132158480585, 210, 1628.0, 182.0, 1414.5, 155.0, 1208.0, 2
